Title,Year,Rated,Released,Runtime,Genre,Director,Writer,Actors,Plot,Language,Country,Awards,Poster,Metascore,imdbRating,imdbVotes,imdbID,Type,tomatoMeter,tomatoImage,tomatoRating,tomatoReviews,tomatoFresh,tomatoRotten,tomatoConsensus,tomatoUserMeter,tomatoUserRating,tomatoUserReviews,DVD,BoxOffice,Production,Website
Burlesque,2010,PG-13,24 Nov 2010,119 min,"Drama, Musical, Romance",Steve Antin,Steve Antin,"Cher, Christina Aguilera, Eric Dane, Cam Gigandet",A small-town girl ventures to Los Angeles and finds her place in a neo-burlesque club run by a former dancer.,English,USA,Won 1 Golden Globe. Another 4 wins & 14 nominations.,http://ia.media-imdb.com/images/M/MV5BMTc4MzEyODI0Ml5BMl5BanBnXkFtZTcwNjIyNDQ4Mw@@._V1_SX300.jpg,47,6.3,"53,279",tt1126591,movie,37,rotten,4.8,147,54,93,"Campy and clichéd, Burlesque wastes its talented cast (including a better-than-expected Christina Aguilera) on a movie that wavers uncertainly between ""bad"" and ""so bad it's good.""",64,3.6,"65,073",01 Mar 2011,$39.4M,Sony Pictures/Screen Gems,http://www.burlesque-movie.com/
Season of the Witch,2011,PG-13,07 Jan 2011,95 min,"Action, Adventure, Fantasy",Dominic Sena,Bragi F. Schut,"Nicolas Cage, Ron Perlman, Stephen Campbell Moore, Stephen Graham","14th-century knights transport a suspected witch to a monastery, where monks deduce her powers could be the source of the Black Plague.","English, Latin",USA,2 nominations.,http://ia.media-imdb.com/images/M/MV5BMzc3MjYxNzg2N15BMl5BanBnXkFtZTcwNzQyMTkwNA@@._V1_SX300.jpg,28,5.4,"67,552",tt0479997,movie,10,rotten,3.6,115,11,104,"Slow, cheap-looking, and dull, Season of the Witch fails even as unintentional comedy.",31,2.7,"79,519",28 Jun 2011,$24.8M,Relativity Media,http://www.seasonofthewitchfilm.com
Old Dogs,2009,PG,25 Nov 2009,88 min,"Comedy, Family",Walt Becker,"David Diamond, David Weissman","John Travolta, Robin Williams, Kelly Preston, Conner Rayburn",Two friends and business partners find their lives turned upside down when strange circumstances lead to them being placed in the care of 7-year-old twins.,"English, Ukrainian",USA,5 nominations.,http://ia.media-imdb.com/images/M/MV5BMjExMTYyMzk3MV5BMl5BanBnXkFtZTcwMzI2Njg0Mg@@._V1_SX300.jpg,19,5.3,"28,453",tt0976238,movie,5,rotten,2.3,108,5,103,"Its cast tries hard, but Old Dogs is a predictable, nearly witless attempt at physical comedy and moral uplift that misses the mark on both counts.",44,3.1,"182,730",09 Mar 2010,$49.5M,Walt Disney Pictures,http://www.Disney.com/OldDogs
The Last Airbender,2010,PG,01 Jul 2010,103 min,"Action, Adventure, Family",M. Night Shyamalan,M. Night Shyamalan,"Noah Ringer, Dev Patel, Nicola Peltz, Jackson Rathbone","The story follows the adventures of Aang, a young successor to a long line of Avatars, who must put his childhood ways aside and stop the Fire Nation from enslaving the Water, Earth and Air nations.",English,USA,7 wins & 12 nominations.,http://ia.media-imdb.com/images/M/MV5BMTM1NjE0NDA0MV5BMl5BanBnXkFtZTcwODE4NDg1Mw@@._V1_SX300.jpg,20,4.3,"104,063",tt0938283,movie,6,rotten,2.8,183,11,172,"The Last Airbender squanders its popular source material with incomprehensible plotting, horrible acting, and detached joyless direction.",31,2.6,"320,393",16 Nov 2010,$131.6M,Paramount Pictures,http://www.TheLastAirbenderMovie.com/
Drive Angry,2011,R,25 Feb 2011,104 min,"Action, Crime, Fantasy",Patrick Lussier,"Todd Farmer, Patrick Lussier","Nicolas Cage, Amber Heard, William Fichtner, Billy Burke",A vengeful father escapes from hell and chases after the men who killed his daughter and kidnapped his granddaughter.,English,USA,2 wins & 5 nominations.,http://ia.media-imdb.com/images/M/MV5BMjIwNTM4Njg2NF5BMl5BanBnXkFtZTcwNDQwMTAwNA@@._V1_SX300.jpg,44,5.5,"74,194",tt1502404,movie,45,rotten,5.3,116,52,64,"It may deliver the over-the-top action pieces, but Drive Angry prefers to work safely within grindhouse formula than do something truly unique.",37,2.9,"39,846",31 May 2011,$10.7M,Summit Entertainment,http://www.driveangry3d.com/
Battlefield Earth,2000,PG-13,12 May 2000,118 min,"Action, Adventure, Sci-Fi",Roger Christian,"Corey Mandell (screenplay), J.D. Shapiro (screenplay), L. Ron Hubbard (novel)","John Travolta, Barry Pepper, Forest Whitaker, Kim Coates","After enslavement & near extermination by an alien race in the year 3000, humanity begins to fight back.",English,USA,10 wins & 2 nominations.,http://ia.media-imdb.com/images/M/MV5BMTg0Njk2OTM3OF5BMl5BanBnXkFtZTYwNTAyMzc3._V1_SX300.jpg,9,2.4,"60,435",tt0185183,movie,3,rotten,2.3,143,4,139,"Ugly, campy, and poorly acted, Battlefield Earth is a stunningly misguided, aggressively bad sci-fi folly.",11,1.6,"53,721",16 Jan 2001,N/A,Warner Bros. Pictures,http://www.battlefieldearth.net
All About Steve,2009,PG-13,04 Sep 2009,99 min,Comedy,Phil Traill,Kim Barker,"Sandra Bullock, Thomas Haden Church, Bradley Cooper, Ken Jeong","Convinced that a CCN cameraman is her true love, an eccentric crossword puzzler trails him as he travels all over the country, hoping to convince him that they belong together.","English, Spanish",USA,2 wins & 3 nominations.,http://ia.media-imdb.com/images/M/MV5BMTA5MTQxOTE2OTReQTJeQWpwZ15BbWU3MDY5NzI4NzI@._V1_SX300.jpg,17,4.8,"29,104",tt0881891,movie,7,rotten,2.6,135,9,126,"All About Steve is an oddly creepy, sour film, featuring a heroine so desperate and peculiar that audiences may be more likely to pity than root for her.",30,2.8,"465,325",22 Dec 2009,$33.8M,20th Century Fox,N/A
Sucker Punch,2011,PG-13,25 Mar 2011,110 min,"Action, Adventure, Fantasy",Zack Snyder,"Zack Snyder (screenplay), Steve Shibuya (screenplay), Zack Snyder (story)","Emily Browning, Abbie Cornish, Jena Malone, Vanessa Hudgens","A young girl is institutionalized by her abusive stepfather. Retreating to an alternative reality as a coping strategy, she envisions a plan which will help her escape from the mental facility.","English, German","USA, Canada",1 win & 5 nominations.,http://ia.media-imdb.com/images/M/MV5BMTM1NzMwOTUxM15BMl5BanBnXkFtZTcwMzUzNDQ1NA@@._V1_SX300.jpg,33,6.1,"174,967",tt0978764,movie,23,rotten,4.1,202,47,155,"It's technically impressive and loaded with eye-catching images, but without characters or a plot to support them, all of Sucker Punch's visual thrills are for naught.",47,3,"94,926",28 Jun 2011,$36.4M,IMAX,http://www.sucker-punch-movie.com/
Fast Five,2011,PG-13,29 Apr 2011,130 min,"Action, Crime, Thriller",Justin Lin,"Chris Morgan, Gary Scott Thompson (characters)","Vin Diesel, Paul Walker, Jordana Brewster, Tyrese Gibson",Dominic Toretto and his crew of street racers plan a massive heist to buy their freedom while in the sights of a powerful Brazilian drug lord and a dangerous federal agent.,"English, Portuguese, Spanish, Italian",USA,8 wins & 18 nominations.,http://ia.media-imdb.com/images/M/MV5BMTUxNTk5MTE0OF5BMl5BanBnXkFtZTcwMjA2NzY3NA@@._V1_SX300.jpg,67,7.3,"230,174",tt1596343,movie,77,certified,6.4,191,148,43,"Sleek, loud, and over the top, Fast Five proudly embraces its brainless action thrills and injects new life into the franchise.",82,4,"133,587",04 Oct 2011,$209.8M,Universal Pictures,http://www.fastfivemovie.com/
Mac and Me,1988,PG,12 Aug 1988,95 min,"Adventure, Family, Fantasy",Stewart Raffill,"Stewart Raffill, Steve Feke","Christine Ebersole, Jonathan Ward, Tina Caspary, Lauren Stanley",A Mysterious Alien Creature (MAC ?) trying to escape from NASA is befriended by a young boy in a wheel chair.,English,USA,2 wins & 6 nominations.,http://ia.media-imdb.com/images/M/MV5BMjE0NDA2NDg1M15BMl5BanBnXkFtZTcwMzgzNzA2NA@@._V1_SX300.jpg,N/A,3.4,"6,750",tt0095560,movie,0,rotten,2.8,23,0,23,"Mac and Me is duly infamous: not only is it a pale imitation of E.T., it's also a thinly-veiled feature length commercial for McDonalds and Coca-Cola.",38,2.7,"12,851",12 Apr 2005,N/A,MGM Home Entertainment,N/A
The Tourist,2010,PG-13,10 Dec 2010,103 min,"Action, Romance, Thriller",Florian Henckel von Donnersmarck,"Florian Henckel von Donnersmarck (screenplay), Christopher McQuarrie (screenplay), Julian Fellowes (screenplay), Jérôme Salle (motion picture ""Anthony Zimmer"")","Johnny Depp, Angelina Jolie, Paul Bettany, Timothy Dalton","Revolves around Frank, an American tourist visiting Italy to mend a broken heart. Elise is an extraordinary woman who deliberately crosses his path.","English, French, Italian, Russian, Spanish","USA, France, Italy",Nominated for 3 Golden Globes. Another 3 wins & 2 nominations.,http://ia.media-imdb.com/images/M/MV5BMTMyMzc3OTkwMV5BMl5BanBnXkFtZTcwMjc0MTgwNA@@._V1_SX300.jpg,37,6.0,"148,227",tt1243957,movie,20,rotten,4.3,167,33,134,"The scenery and the stars are undeniably beautiful, but they can't make up for The Tourist's slow, muddled plot, or the lack of chemistry between Johnny Depp and Angelina Jolie.",42,3,"93,983",22 Mar 2011,$67.6M,Columbia Pictures,http://www.sonypictures.com/movies/thetourist/
The Love Guru,2008,PG-13,20 Jun 2008,87 min,"Comedy, Romance, Sport",Marco Schnabel,"Mike Myers, Graham Gordy","Jessica Simpson, Kanye West, Mike Myers, Deepak Chopra","Pitka an American raised outside of his country by gurus, returns to the States in order to break into the self-help business. His first challenge: To settle the romantic troubles and subsequent professional skid of a star hockey player whose wife left him for a rival athlete.",English,"USA, UK, Germany",5 wins & 7 nominations.,http://ia.media-imdb.com/images/M/MV5BMTg3OTY1MTQ3MF5BMl5BanBnXkFtZTcwMDIzMTM3MQ@@._V1_SX300.jpg,24,3.8,"40,032",tt0811138,movie,14,rotten,3.3,168,23,145,"The Love Guru features far too many gross-out gags, and too few earned laughs, ranking as one of Mike Myers' poorest outings.",33,2.7,"240,341",16 Sep 2008,$32.2M,Paramount Pictures,http://www.TheLoveGuru.com/
Crank: High Voltage,2009,R,17 Apr 2009,96 min,"Action, Crime, Thriller","Mark Neveldine, Brian Taylor","Mark Neveldine, Brian Taylor","Jason Statham, Amy Smart, Dwight Yoakam, Efren Ramirez",Chelios faces a Chinese mobster who has stolen his nearly indestructible heart and replaced it with a battery-powered ticker that requires regular jolts of electricity to keep working.,English,USA,2 nominations.,http://ia.media-imdb.com/images/M/MV5BMTQzNTU1ODkxNl5BMl5BanBnXkFtZTcwMDgyODEzMg@@._V1_SX300.jpg,41,6.2,"92,997",tt1121931,movie,63,fresh,5.9,67,42,25,"Crank: High Voltage delivers on its promises: a fast-paced, exciting thrill ride that doesn't take itself too seriously.",49,3.2,"256,604",08 Sep 2009,$13.6M,Lionsgate,http://www.crank2.com/
Green Lantern,2011,PG-13,17 Jun 2011,114 min,"Action, Adventure, Sci-Fi",Martin Campbell,"Greg Berlanti (screenplay), Michael Green (screenplay), Marc Guggenheim (screenplay), Michael Goldenberg (screenplay), Greg Berlanti (screen story), Michael Green (screen story), Marc Guggenheim (screen story)","Ryan Reynolds, Blake Lively, Peter Sarsgaard, Mark Strong","A test pilot, Hal Jordan, is granted an alien ring that bestows him with otherworldly powers that inducts him into an intergalactic police force, the Green Lantern Corps.",English,USA,1 win & 5 nominations.,http://ia.media-imdb.com/images/M/MV5BMTMyMTg3OTM5Ml5BMl5BanBnXkFtZTcwNzczMjEyNQ@@._V1_SX300.jpg,39,5.7,"191,353",tt1133985,movie,26,rotten,4.6,227,59,168,"Noisy, overproduced, and thinly written, Green Lantern squanders an impressive budget and decades of comics mythology.",46,3.1,"146,405",14 Oct 2011,$116.6M,Warner Bros. Pictures,http://greenlanternmovie.warnerbros.com/
The Back-up Plan,2010,PG-13,23 Apr 2010,106 min,"Comedy, Romance",Alan Poul,Kate Angelo,"Jennifer Lopez, Alex O'Loughlin, Michaela Watkins, Eric Christian Olsen","A romantic comedy centered on a woman who conceives twins through artificial insemination, only to meet the man of her dreams on the very same day.",English,USA,2 nominations.,http://ia.media-imdb.com/images/M/MV5BNjAzODM4NTc1OF5BMl5BanBnXkFtZTcwNDU2ODUzMw@@._V1_SX300.jpg,34,5.2,"35,029",tt1212436,movie,18,rotten,3.6,142,26,116,"Jennifer Lopez is as appealing as ever, but The Back-Up Plan smothers its star with unrelatable characters and a predictable plot.",45,3.1,"135,201",24 Aug 2010,$37.5M,CBS Films,http://www.theback-upplan.com/
The Smurfs,2011,PG,29 Jul 2011,103 min,"Animation, Adventure, Comedy",Raja Gosnell,"J. David Stem (screenplay), David N. Weiss (screenplay), Jay Scherick (screenplay), David Ronn (screenplay), J. David Stem (story), David N. Weiss (story), Peyo (characters)","Hank Azaria, Neil Patrick Harris, Jayma Mays, Sofía Vergara","When the evil wizard Gargamel chases the tiny blue Smurfs out of their village, they tumble from their magical world into New York City.",English,USA,2 wins & 7 nominations.,http://ia.media-imdb.com/images/M/MV5BMTY4MDc2NzQ4MF5BMl5BanBnXkFtZTcwNDc5OTU2NA@@._V1_SX300.jpg,30,5.5,"58,615",tt0472181,movie,22,rotten,4,116,26,90,The Smurfs assembles an undeniably talented cast of voice actors and live-action stars -- then crushes them beneath a blue mound of lowest-common-denominator kiddie fare.,44,3.1,"70,074",02 Dec 2011,$142.6M,Sony Pictures Columbia,http://www.smurfhappens.com/
Skyline,2010,PG-13,12 Nov 2010,97 min,"Action, Sci-Fi, Thriller","Colin Strause, Greg Strause","Joshua Cordes, Liam O'Donnell","Eric Balfour, Scottie Thompson, Brittany Daniel, Crystal Reed","Strange lights descend on the city of Los Angeles, drawing people outside like moths to a flame where an extraterrestrial force threatens to swallow the entire human population off the face of the Earth.",English,USA,N/A,http://ia.media-imdb.com/images/M/MV5BMjAwNDkwOTc5M15BMl5BanBnXkFtZTcwMTE2MTMwNA@@._V1_SX300.jpg,26,4.4,"70,705",tt1564585,movie,15,rotten,3.6,79,12,67,"A middling sci-fi entry, Skyline offers proof that solid special effects alone cannot overcome a flat storyline filled with uninspired dialogue.",18,2.1,"66,920",22 Mar 2011,$12.0M,Rogue Pictures/Universal Studios,http://www.iamrogue.com/skyline
Gigli,2003,R,01 Aug 2003,121 min,"Comedy, Crime, Romance",Martin Brest,Martin Brest,"Ben Affleck, Terry Camilleri, David Backus, Lenny Venito","The violent story about how a criminal lesbian, a tough-guy hit-man with a heart of gold, and a mentally challenged man came to be best friends through a hostage.",English,USA,7 wins & 6 nominations.,http://ia.media-imdb.com/images/M/MV5BMTE5MTYxMDg5NV5BMl5BanBnXkFtZTYwNjc5MzQ3._V1_SX300.jpg,18,2.3,"39,138",tt0299930,movie,N/A,N/A,N/A,N/A,N/A,N/A,N/A,0,1.7,77,25 Jan 2005,N/A,N/A,N/A
The Wicker Man,2006,PG-13,01 Sep 2006,102 min,"Horror, Mystery, Thriller",Neil LaBute,"Neil LaBute (screenplay), Anthony Shaffer","Nicolas Cage, Ellen Burstyn, Kate Beahan, Frances Conroy","A sheriff investigating the disappearance of a young girl from a small island discovers there's a larger mystery to solve among the island's secretive, neo-pagan community.",English,"USA, Germany, Canada",1 win & 5 nominations.,http://ia.media-imdb.com/images/M/MV5BMTI3NzQ3NjgzN15BMl5BanBnXkFtZTYwMjk4NTU3._V1_SX300.jpg,36,3.6,"47,994",tt0450345,movie,N/A,N/A,N/A,N/A,N/A,N/A,N/A,50,3.6,89,01 Aug 2006,N/A,N/A,N/A
Punisher: War Zone,2008,R,05 Dec 2008,103 min,"Action, Crime, Drama",Lexi Alexander,"Nick Santora, Art Marcum, Matt Holloway","Ray Stevenson, Dominic West, Doug Hutchison, Colin Salmon","After hunting down and killing hundreds of violent criminals, Frank Castle, aka The Punisher, faces his most deadly foe yet: Jigsaw.",English,"USA, Canada, Germany",1 win & 1 nomination.,http://ia.media-imdb.com/images/M/MV5BMTM4OTQyODk0NF5BMl5BanBnXkFtZTcwMzQwNDQwMg@@._V1_SX300.jpg,30,6.0,"41,953",tt0450314,movie,27,rotten,4.2,101,27,74,"Punisher: War Zone recalls the excessively violent, dialogue-challenged actioners of the 1980s, and coincidentally feels two decades out of date.",42,3,"131,669",17 Mar 2009,$7.9M,Lionsgate,http://www.punisherwarzonemovie.com/
I Know Who Killed Me,2007,R,27 Jul 2007,105 min,"Crime, Mystery, Thriller",Chris Sivertson,Jeff Hammond,"Bonnie Aarons, Lindsay Lohan, Michael Adler, Julia Ormond","A young girl who was missing reappears, but she claims to be someone else entirely.",English,USA,8 wins & 3 nominations.,http://ia.media-imdb.com/images/M/MV5BNTE5OTc5NTU1OV5BMl5BanBnXkFtZTcwMzQxMjU1MQ@@._V1_SX300.jpg,16,3.6,"21,874",tt0897361,movie,7,rotten,2.1,74,5,69,"Distasteful and ludicrously plotted, I Know Who Killed Me is a career nadir for all involved -- particularly Lindsay Lohan in a dual role.",26,2.4,"142,806",27 Nov 2007,$7.2M,TriStar Pictures,http://www.sonypictures.com/movies/iknowwhokilledme/
Leprechaun in the Hood,2000,R,28 Mar 2000,90 min,"Action, Comedy, Fantasy",Rob Spera,"Mark Jones (characters), William Wells (story), Alan Reynolds (story), Rob Spera (story), Doug Hall (story), Doug Hall (screenplay), Jon Huffman (screenplay)","Warwick Davis, Ice-T, Anthony Montgomery, Rashaan Nall","The Leprechaun ends up in the inner city, Compton, CA. More comedy than horror fill this installment.",English,USA,1 nomination.,http://ia.media-imdb.com/images/M/MV5BNjIwNTU2NDI4MF5BMl5BanBnXkFtZTYwNTEyNDA5._V1_SX300.jpg,N/A,3.5,"3,813",tt0209095,movie,33,rotten,3.4,6,2,4,N/A,33,2.5,"10,142",28 Mar 2000,N/A,Trimark,N/A
The Room,2003,R,27 Jun 2003,99 min,Drama,Tommy Wiseau,Tommy Wiseau,"Tommy Wiseau, Juliette Danielle, Greg Sestero, Philip Haldiman","Johnny is a successful banker who lives happily in a San Francisco townhouse with his fiancée, Lisa. One day, inexplicably, she gets bored of him and decides to seduce Johnny's best friend, Mark. From there, nothing will be the same again.",English,USA,1 win.,http://ia.media-imdb.com/images/M/MV5BMTg4MTU1MzgwOV5BMl5BanBnXkFtZTcwNjM1MTAwMQ@@._V1_SX300.jpg,N/A,3.5,"22,801",tt0368226,movie,33,rotten,3.8,18,6,12,"A bona fide classic of midnight cinema, Tommy Wiseau's misguided masterpiece subverts the rules of filmmaking with a boundless enthusiasm that renders such mundanities as acting, screenwriting, and cinematography utterly irrelevant. You will never see a football the same way again.",47,2.7,"6,983",17 Dec 2005,N/A,N/A,http://theroommovie.com/
Superman III,1983,PG,17 Jun 1983,125 min,"Action, Comedy, Sci-Fi",Richard Lester,"Joe Shuster (character created by: Superman), Jerry Siegel (character created by: Superman), David Newman (screenplay), Leslie Newman (screenplay)","Christopher Reeve, Richard Pryor, Jackie Cooper, Marc McClure",Synthetic kryptonite laced with tobacco tar splits Superman in two: good Clark Kent and bad Man of Steel.,"English, Italian, Spanish","UK, USA",1 win & 5 nominations.,http://ia.media-imdb.com/images/M/MV5BMTU2MDA2OTY2NV5BMl5BanBnXkFtZTcwMDA5MzMyMQ@@._V1_SX300.jpg,42,4.9,"41,996",tt0086393,movie,26,rotten,4.5,43,11,32,"When not overusing sight gags, slapstick, and Richard Pryor, Superman III resorts to plot points rehashed from the previous Superman flicks.",24,2.7,"166,388",01 May 2001,N/A,WARNER BROTHERS PICTURES,N/A
Catwoman,2004,PG-13,23 Jul 2004,104 min,"Action, Crime",Pitof,"Bob Kane (characters), Theresa Rebeck (story), John D. Brancato (story), Michael Ferris (story), John D. Brancato (screenplay), Michael Ferris (screenplay), John Rogers (screenplay)","Halle Berry, Benjamin Bratt, Sharon Stone, Lambert Wilson","A shy woman, endowed with the speed, reflexes, and senses of a cat, walks a thin line between criminal and hero, even as a detective doggedly pursues her, fascinated by both of her personas.","English, Spanish",USA,6 wins & 6 nominations.,http://ia.media-imdb.com/images/M/MV5BMjA4MzM0NDAzOF5BMl5BanBnXkFtZTcwMDY3MDYyMQ@@._V1_SX300.jpg,27,3.3,"77,224",tt0327554,movie,9,rotten,3.1,191,17,174,"Halle Berry is the lone bright spot, but even she can't save this laughable action thriller.",18,2.2,"273,762",18 Jan 2005,$40.2M,Warner Bros. Pictures,http://catwoman.warnerbros.com/
Jingle All the Way,1996,PG,22 Nov 1996,89 min,"Comedy, Family",Brian Levant,Randy Kornfield,"Arnold Schwarzenegger, Sinbad, Phil Hartman, Rita Wilson","A father needs to get a Turbo Man action figure for his son just before Christmas. Unfotunately, every store is sold out of Turbo Man figures, and he must travel all over town and compete with everybody else to find a Turbo Man figure.",English,USA,2 wins & 1 nomination.,http://ia.media-imdb.com/images/M/MV5BMTE5OTYzMzc0MV5BMl5BanBnXkFtZTcwNjQ0NTI1MQ@@._V1_SX300.jpg,N/A,5.4,"60,273",tt0116705,movie,17,rotten,4,42,7,35,"Arnold Schwarzenegger tries his best, but Jingle All the Way suffers from an uneven tone, shifting wildly from a would-be satire on materialism to an antic, slapstick yuk-fest.",37,2.6,"227,561",03 Nov 1998,N/A,20th Century Fox,N/A
The Twilight Saga: Breaking Dawn - Part 1,2011,PG-13,18 Nov 2011,117 min,"Adventure, Drama, Fantasy",Bill Condon,"Melissa Rosenberg (screenplay), Stephenie Meyer (novel)","Taylor Lautner, Gil Birmingham, Billy Burke, Sarah Clarke","The Quileutes close in on expecting parents Edward and Bella, whose unborn child poses a threat to the Wolf Pack and the towns people of Forks.","English, Portuguese",USA,10 wins & 21 nominations.,http://ia.media-imdb.com/images/M/MV5BODgxNDE0OTAzOF5BMl5BanBnXkFtZTcwNzcwODE2Ng@@._V1_SX300.jpg,45,4.9,"159,755",tt1324999,movie,24,rotten,4.4,192,47,145,"Slow, joyless, and loaded with unintentionally humorous moments, Breaking Dawn Part 1 may satisfy the Twilight faithful, but it's strictly for fans of the franchise.",59,3.5,"181,974",11 Feb 2012,$281.3M,Summit Entertainment,http://www.breakingdawn-themovie.com/
Crank,2006,R,01 Sep 2006,88 min,"Action, Crime, Thriller","Mark Neveldine, Brian Taylor","Mark Neveldine, Brian Taylor","Jason Statham, Amy Smart, Jose Pablo Cantillo, Efren Ramirez",Professional assassin Chev Chelios learns his rival has injected him with a poison that will kill him if his heart rate drops.,"English, Spanish, Korean",USA,2 wins.,http://ia.media-imdb.com/images/M/MV5BMjg0NjAxNDY4MV5BMl5BanBnXkFtZTcwODA5MjMzMw@@._V1_SX300.jpg,57,7.0,"170,851",tt0479884,movie,61,fresh,6,92,56,36,"It's a film about a guy injected with Speed... wait, there's no bus. It's a film about a guy who has to kick a bunch of squirmy butt to stay alive... wait, no snakes or planes here. But it is a film about doing lots of drugs and pulling lots of punches, and it entertains accordingly.",71,3.5,"441,842",09 Jan 2007,$27.8M,Lionsgate,http://www.crankfilm.com/
Trespass,2011,R,21 Oct 2011,91 min,"Crime, Drama, Thriller",Joel Schumacher,Karl Gajdusek,"Nicolas Cage, Nicole Kidman, Ben Mendelsohn, Liana Liberato","As they're held for ransom, a husband and wife's predicament grows more dire amid the discovery of betrayal and deception.",English,"USA, Bulgaria",2 nominations.,http://ia.media-imdb.com/images/M/MV5BMTM4NTc0Mzk5N15BMl5BanBnXkFtZTcwNDA4NDUyNg@@._V1_SX300.jpg,37,5.3,"30,031",tt1674784,movie,10,rotten,3.3,70,7,63,"Another claustrophobic thriller that Joel Schumacher can churn out in his sleep, Trespass is nasty and aggressive, more unpleasant than entertaining.",22,2.5,"6,954",01 Nov 2011,$16.8k,Millennium Entertainment,http://www.trespass-the-movie.com/
Cool as Ice,1991,PG,18 Oct 1991,91 min,"Comedy, Music, Romance",David Kellogg,David Stenn,"Naomi Campbell, Vanilla Ice, Deezer D, Kevin Hicks","A rap-oriented remake of ""The Wild One"", with heavy emphasis on the fact that rap star Vanilla Ice has assumed the Marlon Brando role.",English,USA,1 win & 6 nominations.,http://ia.media-imdb.com/images/M/MV5BMTkzNTY5ODU3OV5BMl5BanBnXkFtZTcwNDA1ODgxMQ@@._V1_SX300.jpg,N/A,2.8,"7,210",tt0101615,movie,8,rotten,2.4,13,1,12,N/A,42,2.5,"4,466",19 Dec 1991,N/A,Universal Pictures,N/A
Birdemic: Shock and Terror,2010,Not Rated,27 Feb 2010,105 min,"Horror, Romance, Thriller",James Nguyen,"James Nguyen (screenplay), James Nguyen (story)","Alan Bagh, Whitney Moore, Tippi Hedren, Janae Caster","A platoon of eagles and vultures attacks the residents of a small town. Many people die. It's not known what caused the flying menace to attack. Two people manage to fight back, but will they survive Birdemic?",English,USA,N/A,http://ia.media-imdb.com/images/M/MV5BOTcxODAwMDYwNV5BMl5BanBnXkFtZTcwNzQ3MjQzMg@@._V1_SX300.jpg,N/A,1.8,"10,379",tt1316037,movie,20,rotten,2.7,15,3,12,N/A,27,1.9,"1,386",22 Feb 2011,N/A,Independant Pictures,http://www.birdemic.com
88 Minutes,2007,R,18 Apr 2008,108 min,"Crime, Drama, Mystery",Jon Avnet,Gary Scott Thompson,"Al Pacino, Alicia Witt, Leelee Sobieski, Amy Brenneman","On the day that a serial killer that he helped put away is supposed to be executed, a noted forensic psychologist and college professor receives a call informing him that he has 88 minutes left to live.",English,"USA, Germany, Canada",3 nominations.,http://ia.media-imdb.com/images/M/MV5BMTgxOTg1NzgzMV5BMl5BanBnXkFtZTcwNTM3Mjc1MQ@@._V1_SX300.jpg,17,5.9,"59,946",tt0411061,movie,5,rotten,2.6,122,6,116,88 Minutes is a shockingly inept psychological thriller that expertly squanders the talent at hand.,44,3.1,"103,727",16 Sep 2008,$16.9M,Sony Pictures Entertainment,http://www.sonypictures.com/movies/88minutes/index.html
Abduction,2011,PG-13,23 Sep 2011,106 min,"Action, Mystery, Thriller",John Singleton,Shawn Christensen,"Alfred Molina, Maria Bello, Jason Isaacs, Denzel Whitaker",A thriller centered on a young man who sets out to uncover the truth about his life after finding his baby photo on a missing persons website.,English,USA,2 wins & 3 nominations.,http://ia.media-imdb.com/images/M/MV5BMTkxNzU3OTg0Nl5BMl5BanBnXkFtZTcwNDY5MDY2Ng@@._V1_SX300.jpg,25,5.0,"57,902",tt1600195,movie,4,rotten,3.3,102,4,98,"A soulless and incompetent action/thriller not even a veteran lead actor could save, let alone Taylor Lautner.",42,3,"43,970",17 Jan 2012,$28.1M,Lionsgate Films,http://www.abductionthefilm.com/
The Adventures of Pluto Nash,2002,PG-13,16 Aug 2002,95 min,"Comedy, Action, Sci-Fi",Ron Underwood,Neil Cuthbert,"Eddie Murphy, Randy Quaid, Rosario Dawson, Joe Pantoliano","In the future, a man struggles to keep his lunar nightclub out of the hands of the mafia.",English,"USA, Australia",1 win & 6 nominations.,http://ia.media-imdb.com/images/M/MV5BMTQ4NTMwODQwNV5BMl5BanBnXkFtZTYwNTg0Nzk2._V1_SX300.jpg,12,3.7,"18,535",tt0180052,movie,5,rotten,2.8,87,4,83,"The Adventures of Pluto Nash is neither adventurous nor funny, and Eddie Murphy is on autopilot in this notorious box office bomb.",17,2,"32,497",24 Dec 2002,$4.4M,Warner Bros.,http://www.plutonash.com
Tiptoes,2003,R,01 Jan 2004,90 min,"Comedy, Drama, Romance",Matthew Bright,Bill Weiner,"Gary Oldman, Peter Dinklage, Kate Beckinsale, Matthew McConaughey","Two brothers - a dwarf (Rolfe) and one normal-sized (Steve). When Steve's girlfriend Carol becomes pregnant, the pair are fearful that the baby will inherit the dwarfism gene. Matters are ...",English,"USA, France",N/A,http://ia.media-imdb.com/images/M/MV5BMjA0MjE0MTA0NV5BMl5BanBnXkFtZTcwNTgyNjYyMQ@@._V1_SX300.jpg,N/A,4.7,"3,398",tt0316768,movie,29,rotten,4.2,7,2,5,N/A,22,2.5,"3,220",03 Aug 2004,N/A,Sony Pictures Entertainment,N/A
On the Line,2001,PG,26 Oct 2001,85 min,"Comedy, Family, Romance",Eric Bross,"Eric Aronson, Paul B. Stanton","Lance Bass, Joey Fatone, Emmanuelle Chriqui, GQ","A shy advertising employee meets his dream girl on the El train, but doesn't remember to get her phone number, resulting in an all-out search for the mystery girl",English,USA,2 nominations.,http://ia.media-imdb.com/images/M/MV5BMTI5MDQ4OTIwN15BMl5BanBnXkFtZTcwNTkwMDcyMQ@@._V1_SX300.jpg,34,4.1,"3,535",tt0279286,movie,19,rotten,3.5,69,13,56,An inept attempt at a romantic comedy aimed at 'Nsync fans.,47,2.8,"8,308",26 Mar 2002,$4.2M,Miramax Films,http://www.getontheline.com
Speed 2: Cruise Control,1997,PG-13,13 Jun 1997,121 min,"Action, Crime, Romance",Jan de Bont,"Graham Yost (characters), Jan de Bont (story), Randall McCormick (story), Randall McCormick (screenplay), Jeff Nathanson (screenplay)","Sandra Bullock, Jason Patric, Willem Dafoe, Temuera Morrison",A computer hacker breaks into the computer system of the Seabourn Legend cruise liner and sets it speeding on a collision course into a gigantic oil tanker.,"English, American Sign Language, Portuguese",USA,1 win & 7 nominations.,http://ia.media-imdb.com/images/M/MV5BMTg5OTAzMDA4Ml5BMl5BanBnXkFtZTcwMTM1MzE1MQ@@._V1_SX300.jpg,23,3.7,"54,685",tt0120179,movie,3,rotten,3.4,68,2,66,"Speed 2 falls far short of its predecessor, thanks to laughable dialogue, thin characterization, unsurprisingly familiar plot devices, and action sequences that fail to generate any excitement.",16,2.2,"221,673",09 Mar 1999,N/A,Fox,N/A
Bad Ass,2012,R,13 Aug 2012,90 min,"Action, Drama",Craig Moss,"Craig Moss, Elliot Tishman","Danny Trejo, Charles S. Dutton, Patrick Fabian, Joyful Drake",A Vietnam veteran who becomes a local hero after saving a man from attackers on a city bus decides to take action when his best friend is murdered and the police show little interest in solving the crime.,English,USA,N/A,http://ia.media-imdb.com/images/M/MV5BMTM3MzIwMzQwM15BMl5BanBnXkFtZTcwNDA5ODY2Nw@@._V1_SX300.jpg,N/A,5.4,"13,789",tt1928330,movie,N/A,N/A,N/A,4,1,3,N/A,40,3,"6,605",05 Jun 2012,N/A,IDP/Samuel goldwyn Films,http://www.heisbadass.com
Godzilla,1998,PG-13,20 May 1998,139 min,"Action, Sci-Fi, Thriller",Roland Emmerich,"Dean Devlin (screenplay), Roland Emmerich (screenplay), Ted Elliott (story), Terry Rossio (story), Dean Devlin (story), Roland Emmerich (story)","Matthew Broderick, Jean Reno, Maria Pitillo, Hank Azaria","An enormous, radioactively mutated lizard runs rampant in Manhattan.","English, French, Japanese, Russian, Spanish","USA, Japan",8 wins & 8 nominations.,http://ia.media-imdb.com/images/M/MV5BMzczODQ4NTM0NF5BMl5BanBnXkFtZTYwMjgxMTc4._V1_SX300.jpg,32,5.3,"137,291",tt0120685,movie,16,rotten,4,74,12,62,N/A,28,2.5,"301,621",26 Dec 2000,N/A,Sony Pictures Home Entertainment,N/A
Judge Dredd,1995,R,30 Jun 1995,96 min,"Action, Crime, Sci-Fi",Danny Cannon,"John Wagner (characters), Carlos Ezquerra (characters), Michael De Luca (story), William Wisher Jr. (story), William Wisher Jr. (screenplay), Steven E. de Souza (screenplay)","Sylvester Stallone, Armand Assante, Rob Schneider, Jürgen Prochnow","In a dystopian future, Joseph Dredd, the most famous Judge (a police officer with instant field judiciary powers) is convicted for a crime he did not commit while his murderous counterpart escapes.",English,USA,1 win & 5 nominations.,http://ia.media-imdb.com/images/M/MV5BMTg3NTgzOTE3MF5BMl5BanBnXkFtZTYwNzEwNzg5._V1_SX300.jpg,N/A,5.4,"76,203",tt0113492,movie,18,rotten,3.7,51,9,42,"Judge Dredd wants to be both a legitimate violent action flick and a parody of one, but director Danny Cannon fails to find the necessary balance to make it work.",30,2.5,"131,846",28 Aug 2001,N/A,N/A,N/A
Spider-Man 3,2007,PG-13,04 May 2007,139 min,"Action, Adventure",Sam Raimi,"Sam Raimi (screenplay), Ivan Raimi (screenplay), Alvin Sargent (screenplay), Sam Raimi (screen story), Ivan Raimi (screen story), Stan Lee (Marvel comic book), Steve Ditko (Marvel comic book)","Tobey Maguire, Kirsten Dunst, James Franco, Thomas Haden Church","A strange black entity from another world bonds with Peter Parker and causes inner turmoil as he contends with new villains, temptations, and revenge.","English, French",USA,Nominated for 1 BAFTA Film Award. Another 1 win & 28 nominations.,http://ia.media-imdb.com/images/M/MV5BODUwMDc5Mzc5M15BMl5BanBnXkFtZTcwNDgzOTY0MQ@@._V1_SX300.jpg,59,6.2,"308,780",tt0413300,movie,63,fresh,6.2,244,153,91,"Though there are more characters and plotlines, and the action sequences still dazzle, Spider-Man 3 nonetheless isn't quite as refined as the first two.",51,3.3,"2,260,489",30 Oct 2007,$336.5M,Sony Pictures,http://www.sonypictures.com/movies/spiderman3/site/
Batman & Robin,1997,PG-13,20 Jun 1997,125 min,Action,Joel Schumacher,"Bob Kane (Batman characters), Akiva Goldsman","Arnold Schwarzenegger, George Clooney, Chris O'Donnell, Uma Thurman",Batman & Robin try to keep their relationship together even as they must stop Mr. Freeze and Poison Ivy from freezing Gotham City.,English,"USA, UK",5 wins & 20 nominations.,http://ia.media-imdb.com/images/M/MV5BMjE3NzcyNzM4MF5BMl5BanBnXkFtZTYwNDA3Mzk4._V1_SX300.jpg,28,3.6,"165,426",tt0118688,movie,11,rotten,3.7,85,9,76,Joel Schumacher's tongue-in-cheek attitude hits an unbearable limit in Batman & Robin resulting in a frantic and mindless movie that's too jokey to care much for.,16,2.5,"551,248",21 Oct 1997,N/A,Warner Home Video,N/A
Wild Wild West,1999,PG-13,30 Jun 1999,106 min,"Action, Western, Comedy",Barry Sonnenfeld,"Jim Thomas (story), John Thomas (story), S.S. Wilson (screenplay), Brent Maddock (screenplay), Jeffrey Price (screenplay), Peter S. Seaman (screenplay)","Will Smith, Kevin Kline, Kenneth Branagh, Salma Hayek",The two best hired guns in the West must save President Grant from the clutches of a 19th century inventor-villain.,English,USA,10 wins & 11 nominations.,http://ia.media-imdb.com/images/M/MV5BNDI5NDk5MjgxMl5BMl5BanBnXkFtZTcwNjI1MTUyMQ@@._V1_SX300.jpg,38,4.8,"116,606",tt0120891,movie,17,rotten,4.1,130,22,108,"Bombastic, manic, and largely laugh-free, Wild Wild West is a bizarre misfire in which greater care was lavished upon the special effects than on the script.",28,2.7,"463,337",30 Nov 1999,N/A,Warner Bros. Pictures,http://wildwildwest.warnerbros.com
Jaws: The Revenge,1987,PG-13,17 Jul 1987,89 min,Horror,Joseph Sargent,"Peter Benchley (characters), Michael De Guzman","Lorraine Gary, Lance Guest, Mario Van Peebles, Karen Young",Chief Brody's widow believes that her family is deliberately being targeted by another shark in search of revenge.,English,USA,1 win & 7 nominations.,http://ia.media-imdb.com/images/M/MV5BMTU0MTM2MzU3N15BMl5BanBnXkFtZTYwNzk5Mjc4._V1_SX300.jpg,N/A,2.8,"27,039",tt0093300,movie,0,rotten,2,31,0,31,"Illogical, tension-free, and filled with cut-rate special effects, Jaws 4 - The Revenge is a sorry chapter in a once-proud franchise.",15,2.4,"87,813",15 Jan 1999,N/A,Universal Pictures,N/A
Road House,1989,R,19 May 1989,114 min,"Action, Thriller",Rowdy Herrington,"David Lee Henry (story), David Lee Henry (screenplay), Hilary Henkin (screenplay)","Patrick Swayze, Kelly Lynch, Sam Elliott, Ben Gazzara",A tough bouncer is hired to tame a dirty bar.,"English, Portuguese",USA,5 nominations.,http://ia.media-imdb.com/images/M/MV5BMTU1MTE2Mjk2OF5BMl5BanBnXkFtZTcwMTUzNjYzNA@@._V1_SX300.jpg,N/A,6.4,"35,613",tt0098206,movie,40,rotten,5.1,30,12,18,N/A,67,3.2,"59,434",04 Feb 2003,N/A,United Artists,http://www.mgm.com/title_title.do?title_star=ROADHOUS
Barb Wire,1996,R,03 May 1996,98 min,"Action, Sci-Fi",David Hogan,"Chris Warner (characters in comic), Ilene Chaiken (story), Chuck Pfarrer (screenplay), Ilene Chaiken (screenplay)","Amir Aboulela, Adriana Alexander, David Andriole, Vanessa Lee Asher","Post-Apocalyptic remake of ""Casablanca"" set in a strip club.","English, French, German",USA,1 win & 6 nominations.,http://ia.media-imdb.com/images/M/MV5BMTI3NzU1MDU5OV5BMl5BanBnXkFtZTcwMzU1MjEyMQ@@._V1_SX300.jpg,40,3.2,"19,100",tt0115624,movie,N/A,N/A,N/A,N/A,N/A,N/A,N/A,N/A,N/A,N/A,N/A,N/A,N/A,N/A
Super Mario Bros.,1993,PG,28 May 1993,104 min,"Adventure, Comedy, Family","Annabel Jankel, Rocky Morton","Parker Bennett, Terry Runte, Ed Solomon","Bob Hoskins, John Leguizamo, Dennis Hopper, Samantha Mathis","Two Brooklyn plumbers, Mario and Luigi must go to another dimension to rescue a princess from the evil dictator King Koopa and stop him from taking over the world.",English,"UK, USA",2 nominations.,http://ia.media-imdb.com/images/M/MV5BNDc3OTQ1OTkwNV5BMl5BanBnXkFtZTcwMzUzOTUxMQ@@._V1_SX300.jpg,N/A,4.0,"33,685",tt0108255,movie,N/A,N/A,N/A,N/A,N/A,N/A,N/A,N/A,N/A,N/A,N/A,N/A,N/A,N/A
Sleepaway Camp,1983,R,18 Nov 1983,88 min,"Horror, Thriller",Robert Hiltzik,Robert Hiltzik,"Felissa Rose, Jonathan Tiersten, Karen Fields, Christopher Collet","Slightly traumatized and painfully shy Angela Baker is sent away to summer camp with her cousin. Not long after Angela's arrival, things start to go horribly wrong for anyone with sinister or less than honorable intentions.",English,USA,N/A,http://ia.media-imdb.com/images/M/MV5BMTI2ODE0MTUwNV5BMl5BanBnXkFtZTYwNTk5NTE5._V1_SX300.jpg,N/A,6.2,"13,255",tt0086320,movie,83,fresh,6.4,18,15,3,N/A,60,3.2,"17,203",08 Aug 2000,N/A,Anchor Bay Entertainment Inc.,http://www.shoutfactory.com/product/sleepaway-camp-collectors-edition-exclusive-poster
Cobra,1986,R,23 May 1986,87 min,"Action, Crime, Horror",George P. Cosmatos,"Paula Gosling (novel), Sylvester Stallone (screenplay)","Sylvester Stallone, Brigitte Nielsen, Reni Santoni, Andrew Robinson",A tough-on-crime street cop must protect the only surviving witness to a strange murderous cult with far reaching plans.,English,USA,6 nominations.,http://ia.media-imdb.com/images/M/MV5BMTE5OTU4MjkxOV5BMl5BanBnXkFtZTYwNTc1NzQ5._V1_SX300.jpg,N/A,5.5,"41,213",tt0090859,movie,13,rotten,2.7,16,2,14,N/A,42,2.7,"43,607",03 Jul 2001,N/A,Warner Home Video,N/A
The Twilight Saga: Breaking Dawn - Part 2,2012,PG-13,16 Nov 2012,115 min,"Adventure, Drama, Fantasy",Bill Condon,"Melissa Rosenberg (screenplay), Stephenie Meyer (novel)","Kristen Stewart, Robert Pattinson, Taylor Lautner, Peter Facinelli","After the birth of Renesmee, the Cullens gather other vampire clans in order to protect the child from a false allegation that puts the family in front of the Volturi.",English,USA,19 wins & 11 nominations.,http://ia.media-imdb.com/images/M/MV5BMTcyMzUyMzY1OF5BMl5BanBnXkFtZTcwNDQ4ODk1OA@@._V1_SX300.jpg,52,5.6,"157,850",tt1673434,movie,49,rotten,5.2,177,86,91,"It's the most entertaining Twilight, but that's not enough to make Breaking Dawn Part 2 worth watching for filmgoers who don't already count themselves among the franchise converts.",71,3.8,"290,165",02 Mar 2013,$292.3M,Lionsgate/Summit Entertainment,http://www.breakingdawn-themovie.com/
Liz & Dick,2012,N/A,25 Nov 2012,88 min,"Biography, Drama",Lloyd Kramer,Christopher Monger,"Lindsay Lohan, Grant Bowler, Theresa Russell, David Hunt",The torrid relationship between Elizabeth Taylor and Richard Burton.,English,USA,Nominated for 2 Primetime Emmys. Another 1 win.,http://ia.media-imdb.com/images/M/MV5BMTY2ODQwMTgwNV5BMl5BanBnXkFtZTcwNjkwOTk0OA@@._V1_SX300.jpg,N/A,4.0,"3,255",tt2375255,movie,33,rotten,2.8,6,2,4,N/A,20,2.2,428,14 May 2013,N/A,E1 Entertainment,N/A
Reindeer Games,2000,R,25 Feb 2000,104 min,"Action, Crime, Drama",John Frankenheimer,Ehren Kruger,"Ben Affleck, James Frain, Dana Stubblefield, Mark Acheson","After assuming his dead cellmate's identity to get with his girlfriend, an ex-con finds himself the reluctant participant in a casino heist.",English,USA,3 nominations.,http://ia.media-imdb.com/images/M/MV5BODA3NjUzMzk3MF5BMl5BanBnXkFtZTcwNjczMTIyMQ@@._V1_SX300.jpg,37,5.7,"28,472",tt0184858,movie,25,rotten,4.2,88,22,66,"Despite a decent cast, subpar acting and a contrived plot disappointed reviewers.",27,2.6,"42,853",08 Aug 2000,N/A,Dimension Films,http://www.dimensionfilms.com/mm_front/owa/dim_movie_page.entryPoint?midStr=1333
Anaconda,1997,PG-13,11 Apr 1997,89 min,"Adventure, Horror, Thriller",Luis Llosa,"Hans Bauer, Jim Cash, Jack Epps Jr.","Jennifer Lopez, Ice Cube, Jon Voight, Eric Stoltz","A ""National Geographic"" film crew is taken hostage by an insane hunter, who takes them along on his quest to capture the world's largest - and deadliest - snake.",English,"USA, Brazil, Peru",3 wins & 10 nominations.,http://ia.media-imdb.com/images/M/MV5BMTMzMTU5NjcxNl5BMl5BanBnXkFtZTcwMzE2NDU2MQ@@._V1_SX300.jpg,37,4.6,"63,687",tt0118615,movie,38,rotten,4.7,48,18,30,N/A,24,2.5,"421,623",01 Jan 1998,N/A,Sony Pictures Home Entertainment,N/A
The Odd Life of Timothy Green,2012,PG,15 Aug 2012,105 min,"Comedy, Drama, Family",Peter Hedges,"Peter Hedges (screenplay), Ahmet Zappa (story)","Jennifer Garner, Joel Edgerton, CJ Adams, Odeya Rush","A childless couple bury a box in their backyard, containing all of their wishes for an infant. Soon, a child is born, though Timothy Green is not all that he appears.",English,USA,1 win & 7 nominations.,http://ia.media-imdb.com/images/M/MV5BMTQzODg3MzUyOV5BMl5BanBnXkFtZTcwNzI1MzUyNg@@._V1_SX300.jpg,47,6.6,"32,980",tt1462769,movie,33,rotten,5.2,123,41,82,"It means well, but The Odd Life of Timothy Green is ultimately too cloyingly sentimental -- and thinly scripted -- to satisfy all but the least demanding viewers.",68,3.7,"204,788",04 Dec 2012,$51.9M,Walt Disney Pictures,http://disney.go.com/the-odd-life-of-timothy-green/
Devil's Advocate,1997,R,17 Oct 1997,144 min,"Drama, Mystery, Thriller",Taylor Hackford,"Andrew Neiderman (novel), Jonathan Lemkin (screenplay), Tony Gilroy (screenplay)","Keanu Reeves, Al Pacino, Charlize Theron, Jeffrey Jones",An exceptionally adept Florida lawyer is offered a job to work in New York City for a high-end law firm with a high-end boss - the biggest opportunity of his career to date.,"English, German, Italian, Mandarin, Spanish","USA, Germany",1 win & 5 nominations.,http://ia.media-imdb.com/images/M/MV5BMTcyMzI3NDM4Nl5BMl5BanBnXkFtZTcwMTUxOTYzNA@@._V1_SX300.jpg,60,7.5,"225,359",tt0118971,movie,66,fresh,6.4,47,31,16,"Though it is ultimately somewhat undone by its own lofty ambitions, The Devil's Advocate is a mostly effective blend of supernatural thrills and character exploration.",80,3.4,"228,866",16 Nov 1998,N/A,Warner Home Video,N/A
Nothing But Trouble,1991,PG-13,15 Feb 1991,94 min,"Adventure, Comedy, Horror",Dan Aykroyd,"Peter Aykroyd (story), Dan Aykroyd (screenplay)","Chevy Chase, Dan Aykroyd, John Candy, Demi Moore",A businessman finds he and his friends the prisoners of a sadistic judge and his equally odd family in the backwoods of a bizarre mansion.,English,USA,1 win & 6 nominations.,http://ia.media-imdb.com/images/M/MV5BMTgzNDg5NTc2NV5BMl5BanBnXkFtZTcwODA2MjkxMQ@@._V1_SX300.jpg,N/A,4.7,"16,020",tt0102558,movie,9,rotten,2,11,1,10,N/A,41,2.7,"18,255",10 Nov 1998,N/A,Warner Home Video,N/A
From Justin to Kelly,2003,PG,20 Jun 2003,81 min,"Comedy, Musical, Romance",Robert Iscove,Kim Fuller,"Kelly Clarkson, Justin Guarini, Katherine Bailess, Anika Noni Rose","A waitress from Texas and a college student from Pennsylvania meet during spring break in Fort Lauderdale, Florida and come together through their shared love of singing.",English,USA,2 wins & 11 nominations.,http://ia.media-imdb.com/images/M/MV5BMTM1MjI1MDMwMl5BMl5BanBnXkFtZTYwNzk3Njk5._V1_SX300.jpg,14,2.1,"23,048",tt0339034,movie,10,rotten,2.7,63,6,57,"A notorious stinker, From Justin To Kelly features banal songs, a witless plot, and non-existent chemistry between its American Idol-sanctioned leads.",38,2.1,"52,857",26 Aug 2003,$4.6M,20th Century Fox,http://www.fromjustintokelly.com
In the Name of the King: A Dungeon Siege Tale,2007,PG-13,11 Jan 2008,127 min,"Action, Adventure, Drama",Uwe Boll,"Doug Taylor (screenplay), Jason Rappaport (story), Dan Stroncak (story), Doug Taylor (story), Chris Taylor (video game ""Dungeon Siege"")","Jason Statham, Leelee Sobieski, John Rhys-Davies, Ron Perlman","A man named Farmer sets out to rescue his kidnapped wife and avenge the death of his son -- two acts committed by the Krugs, a race of animal-warriors who are controlled by the evil Gallian.",English,"Germany, Canada, USA",4 wins & 5 nominations.,http://ia.media-imdb.com/images/M/MV5BMTQ4ODI0ODA1Ml5BMl5BanBnXkFtZTcwNzMzMjU1MQ@@._V1_SX300.jpg,15,3.8,"35,554",tt0460780,movie,4,rotten,2.5,49,2,47,"Featuring mostly wooden performances, laughable dialogue, and shoddy production values, In the Name of the King fulfills all expectations of an Uwe Boll film.",22,2.5,"103,556",15 Apr 2008,$4.5M,Freestyle Releasing,http://www.dungeonsiege-themovie.com
Spice World,1997,PG,23 Jan 1998,93 min,"Comedy, Family, Music",Bob Spiers,"Spice Girls (idea), Kim Fuller (idea), Kim Fuller, Jamie Curtis (additional writing)","Melanie Brown, Emma Bunton, Melanie Chisholm, Geri Halliwell",World famous pop group The Spice Girls zip around London in their luxurious double decker tour bus having various adventures and performing for their fans.,English,UK,1 win & 9 nominations.,http://ia.media-imdb.com/images/M/MV5BMjE2MDcwNjM1OF5BMl5BanBnXkFtZTYwNjQ5Nzg4._V1_SX300.jpg,32,3.3,"26,595",tt0120185,movie,29,rotten,4.6,34,10,24,N/A,44,2.1,"169,105",16 Jun 1998,N/A,Sony Pictures Entertainment,N/A
Street Fighter,1994,PG-13,23 Dec 1994,102 min,"Action, Sci-Fi, Thriller",Steven E. de Souza,Steven E. de Souza,"Jean-Claude Van Damme, Raul Julia, Ming-Na Wen, Damian Chapa",Col. Guile and various other martial arts heroes fight against the tyranny of Dictator M. Bison and his cohorts.,"English, Japanese, Esperanto","USA, Japan",2 nominations.,http://ia.media-imdb.com/images/M/MV5BMjE2ODY0NDMyOV5BMl5BanBnXkFtZTcwNDQ4NDAzMQ@@._V1_SX300.jpg,N/A,3.7,"47,814",tt0111301,movie,12,rotten,2.9,25,3,22,"Though it offers mild entertainment through campy one-liners and the overacting of the late Raul Julia, Street Fighter's nonstop action sequences are not enough to make up for a predictable, uneven storyline.",20,2.2,"79,377",26 May 1998,N/A,MCA Universal Home Video,N/A
Stop! Or My Mom Will Shoot,1992,PG-13,21 Feb 1992,87 min,"Action, Comedy",Roger Spottiswoode,"Blake Snyder, William Osborne, William Davies","Sylvester Stallone, Estelle Getty, JoBeth Williams, Roger Rees",A tough detective's mother comes to visit him and begins to meddle in his life and career.,English,USA,3 wins.,http://ia.media-imdb.com/images/M/MV5BMjAwNTY5MjE2M15BMl5BanBnXkFtZTcwNTEzOTQyMQ@@._V1_SX300.jpg,N/A,3.9,"28,567",tt0105477,movie,4,rotten,2.4,24,1,23,N/A,20,2.2,"52,743",20 Jan 2004,N/A,MCA Universal Home Video,N/A
Joyful Noise,2012,PG-13,13 Jan 2012,118 min,"Comedy, Music",Todd Graff,Todd Graff,"Queen Latifah, Dolly Parton, Keke Palmer, Jeremy Jordan","G.G. Sparrow faces off with her choir's newly appointed director, Vi Rose Hill, over the group's direction as they head into a national competition.",English,USA,1 nomination.,http://ia.media-imdb.com/images/M/MV5BMjEwNjAzMzUyN15BMl5BanBnXkFtZTcwMDUxNDQxNw@@._V1_SX300.jpg,44,5.6,"5,875",tt1710396,movie,33,rotten,4.6,120,40,80,"Joyful Noise's musical numbers are solidly entertaining, and it benefits from Queen Latifah and Dolly Parton's sizable chemistry; unfortunately, they aren't enough to make up for the rest of the film.",66,3.7,"28,415",01 May 2012,$30.9M,Warner Bros. Pictures,http://www.joyfulnoisethemovie.com
Fast & Furious 6,2013,PG-13,24 May 2013,130 min,"Action, Crime, Thriller",Justin Lin,"Chris Morgan, Gary Scott Thompson (characters)","Vin Diesel, Paul Walker, Dwayne Johnson, Jordana Brewster","Hobbs has Dominic and Brian reassemble their crew to take down a team of mercenaries: Dominic unexpectedly gets convoluted also facing his presumed deceased girlfriend, Letty.","English, Russian, Spanish, Indonesian",USA,8 wins & 18 nominations.,http://ia.media-imdb.com/images/M/MV5BMTM3NTg2NDQzOF5BMl5BanBnXkFtZTcwNjc2NzQzOQ@@._V1_SX300.jpg,61,7.2,"239,912",tt1905041,movie,68,fresh,6.2,183,125,58,"With high-octane humor and terrific action scenes, Fast & Furious 6 builds upon the winning blockbuster formula that made Fast 5 a critical and commercial success.",84,4.2,"338,484",10 Dec 2013,$238.7M,Universal Pictures,http://www.thefastandthefurious.com/
After Earth,2013,PG-13,31 May 2013,100 min,"Action, Adventure, Sci-Fi",M. Night Shyamalan,"Gary Whitta (screenplay), M. Night Shyamalan (screenplay), Will Smith (story)","Jaden Smith, Will Smith, Sophie Okonedo, Zoë Kravitz","A crash landing leaves Kitai Raige and his father Cypher stranded on Earth, a millennium after events forced humanity's escape. With Cypher injured, Kitai must embark on a perilous journey to signal for help.",English,USA,3 wins & 6 nominations.,http://ia.media-imdb.com/images/M/MV5BMTY3MzQyMjkwMl5BMl5BanBnXkFtZTcwMDk2OTE0OQ@@._V1_SX300.jpg,33,5.0,"137,518",tt1815862,movie,11,rotten,3.8,188,20,168,"After Earth is a dull, ploddingly paced exercise in sentimental sci-fi -- and the latest setback for director M. Night Shyamalan's once-promising career.",37,2.8,"120,233",08 Oct 2013,$60.5M,Sony Pictures,http://afterearth.com/
Howard the Duck,1986,PG,01 Aug 1986,110 min,"Action, Adventure, Comedy",Willard Huyck,"Steve Gerber (Marvel comics character: Howard the Duck), Willard Huyck, Gloria Katz","Lea Thompson, Jeffrey Jones, Tim Robbins, Ed Gale",A sarcastic humanoid duck is pulled from his homeworld to Earth where he must stop an alien invader.,English,USA,4 wins & 4 nominations.,http://ia.media-imdb.com/images/M/MV5BMTk2MzczNjA0Ml5BMl5BanBnXkFtZTYwMTI2MTQ5._V1_SX300.jpg,N/A,4.5,"29,707",tt0091225,movie,14,rotten,2.5,43,6,37,"While it has its moments, Howard the Duck suffers from an uneven tone and mediocre performances.",39,2.6,"54,932",10 Mar 2009,N/A,Universal Pictures,N/A
Demolition Man,1993,R,08 Oct 1993,115 min,"Action, Crime, Sci-Fi",Marco Brambilla,"Peter M. Lenkov (story), Robert Reneau (story), Daniel Waters (screenplay), Robert Reneau (screenplay), Peter M. Lenkov (screenplay)","Sylvester Stallone, Wesley Snipes, Sandra Bullock, Nigel Hawthorne",A police officer is brought out of suspended animation in prison to pursue an old ultra-violent nemesis who is loose in a non-violent future society.,English,USA,1 win & 5 nominations.,http://ia.media-imdb.com/images/M/MV5BMTY2MDE1NjQ3MF5BMl5BanBnXkFtZTYwMjI0OTg4._V1_SX300.jpg,34,6.6,"106,608",tt0106697,movie,64,fresh,5.6,36,23,13,"A better-than-average sci-fi shoot-em-up with a satirical undercurrent, Demolition Man is bolstered by strong performances by Sylvester Stallone, Wesley Snipes, and Sandra Bullock.",66,3.1,"269,243",30 Sep 1997,N/A,Warner Home Video,N/A
Sharknado,2013,TV-14,11 Jul 2013,86 min,Horror,Anthony C. Ferrante,Thunder Levin,"Ian Ziering, Tara Reid, John Heard, Cassie Scerbo","When a freak hurricane swamps Los Angeles, nature's deadliest killer rules sea, land, and air as thousands of sharks terrorize the waterlogged populace.",English,USA,1 win & 2 nominations.,http://ia.media-imdb.com/images/M/MV5BOTE2OTk4MTQzNV5BMl5BanBnXkFtZTcwODUxOTM3OQ@@._V1_SX300.jpg,N/A,3.3,"25,535",tt2724064,movie,N/A,N/A,N/A,N/A,N/A,N/A,N/A,N/A,N/A,N/A,N/A,N/A,N/A,N/A
Over the Top,1987,PG,13 Feb 1987,93 min,"Action, Drama, Sport",Menahem Golan,"Gary Conway (story), David Engelbach (story), Stirling Silliphant (screenplay), Sylvester Stallone (screenplay)","Sylvester Stallone, Robert Loggia, Susan Blakely, Rick Zumwalt","Lincoln Hawk (Stallone) is a struggling trucker who arm wrestles on the side to make extra cash while trying to rebuild his life. After the death of his wife, he tries to make amends with ...",English,USA,4 wins & 2 nominations.,http://ia.media-imdb.com/images/M/MV5BMjA0MDU0NDcwOV5BMl5BanBnXkFtZTcwMTM0NTY1Mg@@._V1_SX300.jpg,N/A,5.5,"31,224",tt0093692,movie,N/A,N/A,N/A,N/A,N/A,N/A,N/A,N/A,N/A,N/A,N/A,N/A,N/A,N/A
Crocodile Dundee in Los Angeles,2001,PG,20 Apr 2001,92 min,"Adventure, Comedy",Simon Wincer,"Paul Hogan (characters), Matt Berry, Eric Abrams","Paul Hogan, Linda Kozlowski, Jere Burns, Jonathan Banks",Mick Dundee travels to the city of smog and stars with his young son in tow.,English,"Australia, USA",2 nominations.,http://ia.media-imdb.com/images/M/MV5BNzg3MzQzMjI0M15BMl5BanBnXkFtZTcwOTYyMDcxMQ@@._V1_SX300.jpg,37,4.8,"17,802",tt0231402,movie,11,rotten,3.6,79,9,70,"A family movie without toilet jokes, but there's nothing that haven't seen before.",25,2.4,"171,682",18 Sep 2001,$25.3M,Paramount,http://www.crocodiledundeeinla.com
Gymkata,1985,R,03 May 1985,90 min,"Action, Drama",Robert Clouse,"Charles Robert Carner (screenplay), Dan Tyler Moore (novel)","Kurt Thomas, Tetchie Agbayani, Richard Norton, Edward Bell","Johnathan Cabot is a champion gymnast. In the tiny, yet savage, country of Parmistan, there is a perfect spot for a ""star wars"" site. For the US to get this site, they must compete in the ...",English,"USA, Japan",1 nomination.,http://ia.media-imdb.com/images/M/MV5BNTc2NzAwOTM2MV5BMl5BanBnXkFtZTcwMTA0MjMzMQ@@._V1_SX300.jpg,N/A,4.1,"2,597",tt0089243,movie,18,rotten,2.6,11,2,9,N/A,41,2.7,"3,779",25 Jun 1991,N/A,Warner Home Video,N/A
The Glimmer Man,1996,R,04 Oct 1996,91 min,"Action, Comedy, Crime",John Gray,Kevin Brodbin,"Steven Seagal, Keenen Ivory Wayans, Bob Gunton, Brian Cox","Two cops, played by Seagal and Wayans, are forced to work together to solve a chain of mysterious killings by a killer nicknamed ""The Family Man""",English,USA,N/A,http://ia.media-imdb.com/images/M/MV5BMTYzMDY2Mzg4MF5BMl5BanBnXkFtZTcwNzAyMTYyMQ@@._V1_SX300.jpg,N/A,5.3,"13,834",tt0116421,movie,13,rotten,3.4,24,3,21,N/A,39,2.7,"20,699",27 Aug 1997,N/A,Warner Home Video,N/A
Toys,1992,PG-13,18 Dec 1992,118 min,"Comedy, Drama, Family",Barry Levinson,"Valerie Curtin, Barry Levinson","Robin Williams, Michael Gambon, Joan Cusack, Robin Wright","When a military general inherits a toy making company and begins making war toys, his employees band together to stop him before he ruins the name of Zevo Toys forever.",English,USA,Nominated for 2 Oscars. Another 9 nominations.,http://ia.media-imdb.com/images/M/MV5BMTg2NDE0NTA0MV5BMl5BanBnXkFtZTcwODg5MjcxMQ@@._V1_SX300.jpg,N/A,5.0,"24,585",tt0105629,movie,26,rotten,4,23,6,17,N/A,40,2.6,"56,596",16 Oct 2001,N/A,Twentieth Century Fox Home Entertainment,N/A
Congo,1995,PG-13,09 Jun 1995,109 min,"Action, Adventure, Mystery",Frank Marshall,"Michael Crichton (novel), John Patrick Shanley (screenplay)","Laura Linney, Dylan Walsh, Ernie Hudson, Tim Curry","When an expedition to the African Congo ends in disaster, a new team is assembled to find out what went wrong.",English,USA,2 wins & 11 nominations.,http://ia.media-imdb.com/images/M/MV5BNjI3MTE5NTMzOF5BMl5BanBnXkFtZTcwMzkyOTAyMQ@@._V1_SX300.jpg,22,5.0,"31,030",tt0112715,movie,22,rotten,3.5,45,10,35,N/A,29,2.6,"60,119",27 Jul 1999,N/A,Paramount Home Video,N/A
Halloween III: Season of the Witch,1982,R,22 Oct 1982,98 min,"Horror, Sci-Fi",Tommy Lee Wallace,Tommy Lee Wallace,"Tom Atkins, Stacey Nelkin, Dan O'Herlihy, Michael Currie",A large Halloween mask-making company has plans to kill millions of American children with something sinister hidden in Halloween masks.,English,USA,1 nomination.,http://ia.media-imdb.com/images/M/MV5BMzg4MTk3MzQ2MV5BMl5BanBnXkFtZTcwODc4ODIyMQ@@._V1_SX300.jpg,N/A,4.4,"24,680",tt0085636,movie,33,rotten,4.5,18,6,12,N/A,24,2.3,"51,502",31 Aug 2004,N/A,MCA Universal Home Video,N/A
Daredevil,2003,PG-13,14 Feb 2003,103 min,"Action, Crime, Fantasy",Mark Steven Johnson,Mark Steven Johnson (screenplay),"Ben Affleck, Jennifer Garner, Colin Farrell, Michael Clarke Duncan",A man blinded by toxic waste which also enhanced his remaining senses fights crime as an acrobatic martial arts superhero.,"English, Greek, Italian",USA,4 wins & 16 nominations.,http://ia.media-imdb.com/images/M/MV5BMzU3MDUxNjYwNl5BMl5BanBnXkFtZTYwNzQ3Nzc2._V1_SX300.jpg,42,5.4,"148,699",tt0287978,movie,45,rotten,5.2,214,96,118,"Passable if derivative as entertainment, Ben Affleck fits the role but the film is not up to par with recent superhero films.",36,2.8,"466,672",29 Jul 2003,$102.5M,20th Century Fox,http://www.daredevilmovie.com
Fair Game,1995,R,03 Nov 1995,91 min,"Action, Comedy, Crime",Andrew Sipes,"Paula Gosling (novel), Charlie Fletcher (screenplay)","William Baldwin, Cindy Crawford, Steven Berkoff, Christopher McDonald","Max Kirkpatrick is a cop who protects Kate McQuean, a civil law attorney, from a renegade KGB team out to terminate her.","English, Russian",USA,3 nominations.,http://ia.media-imdb.com/images/M/MV5BMTQ4NjM0MDI1OF5BMl5BanBnXkFtZTcwMDQ1ODMyMQ@@._V1_SX300.jpg,13,4.1,"9,347",tt0113010,movie,13,rotten,2.4,24,3,21,N/A,14,2.1,"9,359",30 Mar 1999,N/A,Warner Home Video,N/A
Hudson Hawk,1991,R,24 May 1991,100 min,"Action, Adventure, Comedy",Michael Lehmann,"Bruce Willis (story), Robert Kraft (story), Steven E. de Souza (screenplay), Daniel Waters (screenplay)","Bruce Willis, Danny Aiello, Andie MacDowell, James Coburn",A cat burglar is forced to steal Da Vinci works of art for a world domination plot.,"English, Italian",USA,3 wins & 4 nominations.,http://ia.media-imdb.com/images/M/MV5BMTQwMjY3OTM3MF5BMl5BanBnXkFtZTcwMjE0NDYyMQ@@._V1_SX300.jpg,17,5.7,"39,373",tt0102070,movie,24,rotten,3.7,33,8,25,N/A,57,2.9,"43,949",16 Mar 1999,N/A,TriStar Pictures,N/A
Crossroads,2002,PG-13,15 Feb 2002,93 min,"Adventure, Comedy, Drama",Tamra Davis,Shonda Rhimes,"Britney Spears, Anson Mount, Zoe Saldana, Taryn Manning","Three childhood best friends, and a guy they just met, take a road trip across country, finding themselves and their friendship in the process.",English,USA,2 wins & 11 nominations.,http://ia.media-imdb.com/images/M/MV5BMTI4OTkzNjQ0M15BMl5BanBnXkFtZTcwODM5MjcyMQ@@._V1_SX300.jpg,27,3.2,"31,967",tt0275022,movie,14,rotten,3.9,103,14,89,"A cliched and silly pop star vanity project, Crossroads is strictly for Britney fans only.",39,2.2,"359,039",23 Jul 2002,$37.1M,Paramount Pictures,http://www.crossroadsmovie.com
Deck the Halls,2006,PG,22 Nov 2006,93 min,"Comedy, Family",John Whitesell,"Matt Corman, Chris Ord, Don Rhymer","Danny DeVito, Matthew Broderick, Kristin Davis, Kristin Chenoweth",Two neighbors have it out after one of them decorates his house for the holidays so brightly that it can be seen from space.,English,USA,1 win & 3 nominations.,http://ia.media-imdb.com/images/M/MV5BMTIzNjA4OTM0OV5BMl5BanBnXkFtZTcwMDgwODkzMQ@@._V1_SX300.jpg,28,4.8,"13,936",tt0790604,movie,6,rotten,2.9,82,5,77,"Relying on flat humor and a preposterous plot, Deck the Halls is an unnecessarily mean-spirited holiday movie that does little to put viewers in a holiday mood.",30,2.8,"55,479",06 Nov 2007,$35.1M,20th Century Fox,http://www.deckthehallsmovie.com/
Jack Frost,1998,PG,11 Dec 1998,101 min,"Comedy, Drama, Family",Troy Miller,"Mark Steven Johnson (story), Mark Steven Johnson (screenplay), Steve Bloom (screenplay), Jonathan Roberts (screenplay), Jeff Cesario (screenplay)","Michael Keaton, Kelly Preston, Joseph Cross, Mark Addy","A father, who can't keep his promises, dies in a car accident. One year later, he returns as a snowman, who has the final chance to put things right with his son before he is gone forever.",English,USA,1 nomination.,http://ia.media-imdb.com/images/M/MV5BMTI5MTY3NDE0NF5BMl5BanBnXkFtZTcwNTc4NjEyMQ@@._V1_SX300.jpg,N/A,5.2,"21,283",tt0141109,movie,20,rotten,3.9,56,11,45,Sentimental schmaltz and uninspired storytelling sink this film.,40,2.8,"64,360",02 Nov 1999,N/A,Warner Bros. Pictures,http://www.wb-jackfrost.com
Mortal Kombat,1995,PG-13,18 Aug 1995,101 min,"Action, Adventure, Fantasy",Paul W.S. Anderson,"Ed Boon (video games), John Tobias (video games), Kevin Droney","Christopher Lambert, Robin Shou, Linden Ashby, Cary-Hiroyuki Tagawa",Three unknowing martial artists are summoned to a mysterious island to compete in a tournament whose outcome will decide the fate of the world.,English,USA,1 win & 2 nominations.,http://ia.media-imdb.com/images/M/MV5BMjMyMTkwNzcxNF5BMl5BanBnXkFtZTgwOTMxNzYxMTE@._V1_SX300.jpg,58,5.8,"71,732",tt0113855,movie,33,rotten,4.5,30,10,20,"Despite an effective otherwordly atmosphere and appropriately cheesy visuals, Mortal Kombat suffers from its poorly constructed plot, laughable dialogue, and subpar acting.",58,2.9,"310,656",26 Aug 1997,N/A,New Line Home Entertainment,N/A
Double Team,1997,R,04 Apr 1997,93 min,"Action, Comedy, Sci-Fi",Hark Tsui,"Don Jakoby (story), Don Jakoby (screenplay), Paul Mones (screenplay)","Jean-Claude Van Damme, Dennis Rodman, Mickey Rourke, Paul Freeman","Counter-terrorist Jack Quinn misses his target, Stavros, on the eve of his final mission. From there, he is sent to ""The Colony"", a rebirth for presumed-dead assassins. He breaks free from ...",English,USA,3 wins.,http://ia.media-imdb.com/images/M/MV5BMTYwMTI3NTE3Ml5BMl5BanBnXkFtZTcwMDM5NTgxMQ@@._V1_SX300.jpg,N/A,4.6,"22,389",tt0119013,movie,11,rotten,3.8,19,2,17,N/A,24,2.2,"41,510",31 Mar 1998,N/A,Sony Pictures Home Entertainment,N/A
Winter's Tale,2014,PG-13,14 Feb 2014,118 min,"Drama, Fantasy, Mystery",Akiva Goldsman,"Akiva Goldsman (screenplay), Mark Helprin (novel)","Colin Farrell, Matt Bomer, Lucy Griffiths, Michael Patrick Crane","A burglar falls for an heiress as she dies in his arms. When he learns that he has the gift of reincarnation, he sets out to save her.",English,USA,2 nominations.,http://ia.media-imdb.com/images/M/MV5BNTMyNjI1NTM4N15BMl5BanBnXkFtZTgwNjcwMzc1MDE@._V1_SX300.jpg,31,6.2,"30,348",tt1837709,movie,13,rotten,3.6,135,17,118,"Winter's Tale tries to retain the grandiose sweep of its source novel, but fails to fill it in with characters worth rooting for or a sensible plot.",44,3,"24,844",24 Jun 2014,$12.6M,Warner Bros. Pictures,http://www.winterstalemovie.com/
No Holds Barred,1989,PG-13,02 Jun 1989,93 min,Action,Thomas J. Wright,Dennis Hackin,"Hulk Hogan, Joan Severance, Kurt Fuller, Tommy 'Tiny' Lister","Rip is the World Wrestling Federation champion who is faithful to his fans and the network he wrestles for. Brell, the new head of the World Television Network, wants Rip to wrestle for his...",English,USA,N/A,http://ia.media-imdb.com/images/M/MV5BMTg5MDc4ODUyMF5BMl5BanBnXkFtZTgwNDM2ODk1MDE@._V1_SX300.jpg,N/A,4.2,"4,157",tt0097987,movie,11,rotten,2.4,19,2,17,N/A,35,2.6,"8,511",25 Mar 2014,N/A,Sony Pictures Home Entertainment,N/A
Color of Night,1994,R,19 Aug 1994,121 min,"Drama, Mystery, Romance",Richard Rush,"Billy Ray (story), Matthew Chapman (screenplay), Billy Ray (screenplay)","Bruce Willis, Jane March, Rubén Blades, Lesley Ann Warren","A color-blind psychiatrist Bill Capa is stalked by an unknown killer after taking over his murdered friend's therapy group, all of whom have a connection to a mysterious young woman that Capa begins having intense sexual encounters with.",English,USA,Nominated for 1 Golden Globe. Another 1 win & 8 nominations.,http://ia.media-imdb.com/images/M/MV5BMTg2ODc2ODQwNV5BMl5BanBnXkFtZTcwMDg1NjIyMQ@@._V1_SX300.jpg,N/A,5.0,"17,413",tt0109456,movie,22,rotten,3.9,46,10,36,N/A,31,2.7,"16,923",15 May 2001,N/A,N/A,N/A
Ernest Goes to Jail,1990,PG,06 Apr 1990,81 min,"Comedy, Crime, Family",John R. Cherry III,Charlie Cohen,"Jim Varney, Gailard Sartain, Bill Byrge, Barbara Tyson","Bumbling Ernest P. Worrell is assigned to jury duty, where a crooked lawyer notices a resemblance with crime boss Mr. Nash, and arranges a switch. Nash assumes Ernest's job as a bank ...",English,USA,N/A,http://ia.media-imdb.com/images/M/MV5BMTM5NzE2NzA2OF5BMl5BanBnXkFtZTcwMzI3MTAyMQ@@._V1_SX300.jpg,N/A,5.3,"6,706",tt0099512,movie,13,rotten,3.8,8,1,7,N/A,47,2.6,"42,628",03 Sep 2002,N/A,N/A,N/A
Easy Rider 2: The Ride Home,2012,R,N/A,105 min,"Adventure, Drama",Dustin Rikert,"Phil Pitzer, Dustin Rikert","Chris Engen, Sheree J. Wilson, Jeff Fahey, Michelle Borth","In this revisionist drama, the film delves into the family lineage of Wyatt Williams, the character made famous by Peter Fonda in the original Easy Rider Movie. Centering around the ...",English,USA,N/A,http://ia.media-imdb.com/images/M/MV5BMTgxNDYwNDE3Nl5BMl5BanBnXkFtZTcwMjcyNDM4Mg@@._V1_SX300.jpg,N/A,3.7,204,tt1185838,movie,N/A,N/A,N/A,N/A,N/A,N/A,N/A,37,2.5,114,17 Sep 2013,N/A,Kino Lorber,N/A
Mr. Nanny,1993,PG,08 Oct 1993,84 min,"Action, Comedy, Family",Michael Gottlieb,"Edward Rugoff, Michael Gottlieb","Afa Anoai, Ed Leslie, Butch Brickell, James Coffey",A former professional wrestler is hired to be the bodyguard/nanny for a couple of bratty kids whose inventor father is being stalked by a rival.,"English, German",USA,2 nominations.,http://ia.media-imdb.com/images/M/MV5BMTMzNjg3NTA1Ml5BMl5BanBnXkFtZTcwMTg2MDMyMQ@@._V1_SX300.jpg,N/A,3.5,"7,012",tt0107612,movie,7,rotten,2.4,14,1,13,N/A,33,2.3,"40,816",03 Sep 2002,N/A,Sony Pictures Home Entertainment,N/A
A Ted Named Gooby,2009,PG,17 Apr 2009,95 min,"Family, Fantasy",Wilson Coneybeare,Wilson Coneybeare,"Robbie Coltrane, David James Elliott, Ingrid Kavelaars, Eugene Levy","Eleven year old Willy's childhood toy, Gooby, comes to life as a real, live, six-foot tall monster who helps Willy through rough times, with hair-raising and hilarious adventures.",English,Canada,1 win.,http://ia.media-imdb.com/images/M/MV5BMjExMzU2MDc0MV5BMl5BanBnXkFtZTcwOTIzMTkyMg@@._V1_SX300.jpg,N/A,3.4,459,tt1132588,movie,20,rotten,3.5,5,1,4,N/A,19,2.4,"11,187",11 Aug 2009,N/A,Monterey Media,http://www.montereymedia.com/theatrical/films/gooby.html
Sharknado 2: The Second One,2014,TV-14,30 Jul 2014,95 min,"Horror, Sci-Fi, Thriller",Anthony C. Ferrante,Thunder Levin,"Ian Ziering, Tara Reid, Vivica A. Fox, Mark McGrath","A freak weather system turns its deadly fury on New York City, unleashing a Sharknado on the population and its most cherished, iconic sites - and only Fin and April can save the Big Apple.",English,USA,N/A,http://ia.media-imdb.com/images/M/MV5BMjA0MTIxMDEwNF5BMl5BanBnXkFtZTgwMDk3ODIxMjE@._V1_SX300.jpg,N/A,4.4,"6,418",tt3062074,movie,N/A,N/A,N/A,N/A,N/A,N/A,N/A,N/A,N/A,N/A,N/A,N/A,N/A,N/A
Staying Alive,1983,PG,15 Jul 1983,93 min,"Drama, Music",Sylvester Stallone,"Nik Cohn (characters), Sylvester Stallone, Norman Wexler","John Travolta, Cynthia Rhodes, Finola Hughes, Steve Inwood",It's five years later and Tony Manero's Saturday Night Fever is still burning. Now he's strutting toward his biggest challenger yet - making it as a dancer on the Broadway stage.,English,USA,Nominated for 1 Golden Globe. Another 5 nominations.,http://ia.media-imdb.com/images/M/MV5BMTU0ODkwNTUxNV5BMl5BanBnXkFtZTcwMjU1MDgxMQ@@._V1_SX300.jpg,17,4.4,"9,966",tt0086361,movie,0,rotten,2.7,24,0,24,"This sequel to Saturday Night Fever is shockingly embarrassing and unnecessary, trading the original's dramatic depth for a series of uninspired dance sequences.",38,2.7,"17,759",08 Oct 2002,N/A,Paramount Home Video,N/A
Glitter,2001,PG-13,21 Sep 2001,104 min,"Drama, Music, Romance",Vondie Curtis-Hall,"Cheryl L. West (story), Kate Lanier (screenplay)","Mariah Carey, Max Beesley, Da Brat, Tia Texada","A young singer dates a disc jockey who helps her get into the music business, but their relationship become complicated as she ascends to super stardom.",English,USA,1 win & 8 nominations.,http://ia.media-imdb.com/images/M/MV5BNTEyMzY5MzYyMl5BMl5BanBnXkFtZTcwOTQ5MDEzMQ@@._V1_SX300.jpg,14,2.1,"18,390",tt0118589,movie,7,rotten,2.8,87,6,81,"Glitter is a hodgepodge of movie cliches and bad acting that's sure to generate unintentional laughs. Unfortunately, the movie is not bad enough to be good.",46,2.1,"44,243",15 Jan 2002,$3.9M,20th Century Fox,http://216.133.243.94
Temptation: Confessions of a Marriage Counselor,2013,PG-13,29 Mar 2013,111 min,"Drama, Thriller",Tyler Perry,"Tyler Perry (screenplay), Tyler Perry (stage play ""The Marriage Counselor"")","Jurnee Smollett-Bell, Lance Gross, Kim Kardashian West, Vanessa Williams","An ambitious married woman's temptation by a handsome billionaire leads to betrayal, recklessness, and forever alters the course of her life.",English,USA,1 win & 5 nominations.,http://ia.media-imdb.com/images/M/MV5BMTg3MzExNjU1N15BMl5BanBnXkFtZTcwMzk0ODU5OA@@._V1_SX300.jpg,26,4.8,"9,014",tt2070862,movie,15,rotten,3.6,33,5,28,N/A,66,3.7,"35,302",09 Jul 2013,$51.9M,Lionsgate Films,http://temptationthemovie.com/
Monkey Shines,1988,R,29 Jul 1988,113 min,"Drama, Horror, Sci-Fi",George A. Romero,"Michael Stewart (novel), George A. Romero (screenplay)","Jason Beghe, John Pankow, Kate McNeil, Joyce Van Patten","A quadriplegic man has a trained monkey help him with his paralysis, until the little monkey begins to develop feelings, and rage, against its new master.",English,USA,7 wins & 1 nomination.,http://ia.media-imdb.com/images/M/MV5BMTkxOTk4NDM1Nl5BMl5BanBnXkFtZTcwNzI0ODI1NA@@._V1_SX300.jpg,N/A,6.2,"6,837",tt0095652,movie,52,rotten,5.5,29,15,14,N/A,41,2.9,"7,308",14 Aug 2001,N/A,MGM,N/A
Rhinestone,1984,PG,22 Jun 1984,111 min,"Comedy, Music, Musical",Bob Clark,"Phil Alden Robinson (story), Phil Alden Robinson (screenplay), Sylvester Stallone (screenplay)","Sylvester Stallone, Dolly Parton, Richard Farnsworth, Tim Thomerson",A country music star must turn an obnoxious New York cabbie into a singer in order to win a bet.,English,USA,2 wins & 7 nominations.,http://ia.media-imdb.com/images/M/MV5BMTkwMTg5NzMxN15BMl5BanBnXkFtZTcwMjA3MDgyMQ@@._V1_SX300.jpg,N/A,3.6,"5,156",tt0088001,movie,15,rotten,2.8,13,2,11,N/A,37,2.5,"7,460",22 Mar 2005,N/A,20th Century Fox,N/A
LOL,2012,PG-13,01 Mar 2012,97 min,"Comedy, Drama, Romance",Lisa Azuelos,"Lisa Azuelos (screenplay), Kamir Aïnouz (screenplay), Lisa Azuelos (film ""LOL [Laughing Out Loud]®""), Nans Delgado (film ""LOL [Laughing Out Loud]®"")","Jean-Luc Bilodeau, Douglas Booth, Vivian Le Borgne, Bridget Brown","As a new year at school begins, Lola's heart is broken by her boyfriend, though soon she's surprised by her best friend, promising musician Kyle, who reveals his feelings for her.","English, French",USA,1 nomination.,http://ia.media-imdb.com/images/M/MV5BMTA0MjI5ODA3MjReQTJeQWpwZ15BbWU3MDI1NTE3Njc@._V1_SX300.jpg,N/A,4.2,"38,646",tt1592873,movie,17,rotten,3.7,6,1,5,N/A,51,3.2,"21,158",31 Jul 2012,N/A,Lionsgate Films,http://www.lol-themovie.com/
A View to a Kill,1985,PG,24 May 1985,131 min,"Action, Adventure, Crime",John Glen,"Richard Maibaum (screenplay), Michael G. Wilson (screenplay)","Roger Moore, Christopher Walken, Tanya Roberts, Grace Jones",An investigation of a horse-racing scam leads 007 to a mad industrialist who plans to create a worldwide microchip monopoly by destroying California's Silicon Valley.,English,"UK, USA",Nominated for 1 Golden Globe. Another 2 wins & 4 nominations.,http://ia.media-imdb.com/images/M/MV5BMTMwMTYzOTIwM15BMl5BanBnXkFtZTcwODY5MDg0NA@@._V1_SX300.jpg,N/A,6.3,"57,997",tt0090264,movie,36,rotten,4.6,45,16,29,"Absurd even by Bond standards, A View to a Kill is weighted down by campy jokes and a noticeable lack of energy.",41,3.1,"73,057",17 Oct 2000,N/A,MGM/UA Entertainment Company,N/A
Junior,1994,PG-13,23 Nov 1994,109 min,"Comedy, Romance, Sci-Fi",Ivan Reitman,"Kevin Wade, Chris Conrad","Arnold Schwarzenegger, Danny DeVito, Emma Thompson, Frank Langella","As part of a fertility research project, a male scientist agrees to carry a pregnancy in his own body.",English,USA,Nominated for 1 Oscar. Another 3 nominations.,http://ia.media-imdb.com/images/M/MV5BMTYwNjA3MTUxMl5BMl5BanBnXkFtZTcwMDk2MjAyMQ@@._V1_SX300.jpg,N/A,4.5,"47,514",tt0110216,movie,32,rotten,4.7,31,10,21,N/A,21,2.4,"199,588",15 Dec 1998,N/A,MCA Universal Home Video,N/A
Xanadu,1980,PG,08 Aug 1980,96 min,"Fantasy, Musical, Romance",Robert Greenwald,"Richard Christian Danus, Marc Reid Rubel","Olivia Newton-John, Gene Kelly, Michael Beck, James Sloyan",The story of a girl who makes dreams come true.,English,USA,1 win & 8 nominations.,http://ia.media-imdb.com/images/M/MV5BMTczMjcyOTA0N15BMl5BanBnXkFtZTgwMDE5MTEyMDE@._V1_SX300.jpg,35,5.0,"8,393",tt0081777,movie,39,rotten,4.6,23,9,14,N/A,58,2.9,"19,465",20 Jul 1999,N/A,MCA Universal Home Video,N/A
Tango & Cash,1989,R,22 Dec 1989,104 min,"Action, Comedy, Crime","Andrei Konchalovsky, Albert Magnoli",Randy Feldman,"Sylvester Stallone, Kurt Russell, Teri Hatcher, Jack Palance",Two cops are framed and must clear their names.,English,USA,3 nominations.,http://ia.media-imdb.com/images/M/MV5BMjE4NDcyNjMyMV5BMl5BanBnXkFtZTYwMTQ0OTA5._V1_SX300.jpg,N/A,6.3,"64,981",tt0098439,movie,34,rotten,4.3,41,14,27,"Brutally violent and punishingly dull, this cookie-cutter buddy cop thriller isn't even fun enough to reach ""so bad it's good"" status.",52,3,"59,547",30 Sep 1997,N/A,Warner Bros. Pictures,N/A
Zardoz,1974,R,06 Feb 1974,105 min,"Drama, Fantasy, Sci-Fi",John Boorman,John Boorman,"Sean Connery, Charlotte Rampling, Sara Kestelman, John Alderton","In the distant future, a savage trained only to kill finds a way into the community of bored immortals that alone preserves humanity's achievements.","English, Italian, Swedish, Latin, German, French, Irish",UK,Nominated for 1 BAFTA Film Award. Another 1 nomination.,http://ia.media-imdb.com/images/M/MV5BNDU1NzMzNTEyMF5BMl5BanBnXkFtZTgwNTc4NjY1MDE@._V1_SX300.jpg,N/A,5.8,"12,802",tt0070948,movie,44,rotten,5.2,18,8,10,N/A,54,3.1,"8,693",27 Mar 2001,N/A,Fox,N/A
